id,photo,first_name,last_name,birthday,gender,dep_id,hiredate,manager_id,salary,email,cell_phone,home_phone,address,city,st,zip,country,note
1,,Eamon,Bradmore,1968-12-07,Bigender,Services,2016-10-12,4,129570,ebradmore0@storify.com,817-930-1882,982-363-8554,5 Donald Street,Fort Worth,TX,76115,United States,
2,,Belva,Emlyn,1969-12-12,Female,Legal,2023-03-31,7,139147,bemlyn1@goodreads.com,813-587-6848,769-735-5237,75 Forest Trail,Tampa,FL,33686,United States,
3,,Janeczka,Northing,1972-12-13,Female,Marketing,2022-11-30,1,113987,jnorthing2@ca.gov,312-483-7299,857-470-7597,08932 Oak Valley Point,Chicago,IL,60686,United States,
4,,Luisa,Simkin,1992-07-25,Female,Legal,2020-03-12,2,102167,lsimkin3@gov.uk,702-856-7464,699-859-3794,66274 Mitchell Place,Las Vegas,NV,89135,United States,
5,,Candide,Flello,1971-02-19,Female,Engineering,2020-09-16,9,121346,cflello4@people.com.cn,516-749-0790,310-652-0772,959 Forster Street,New Hyde Park,NY,11044,United States,
6,,Chucho,Slora,1980-06-08,Male,Accounting,2022-02-04,7,121087,cslora5@timesonline.co.uk,213-652-4498,673-556-1140,16 Melby Crossing,Los Angeles,CA,90055,United States,
7,,Gerhardt,Defond,1992-09-21,Male,Human Resources,2017-01-27,3,106334,gdefond6@cnet.com,512-911-3835,332-252-1334,921 Burning Wood Point,Austin,TX,78759,United States,
8,,Dunc,Heineke,1970-10-14,Agender,Training,2015-09-25,6,66748,dheineke7@diigo.com,214-285-1667,204-417-7393,8 Pleasure Road,Dallas,TX,75277,United States,
9,,Cassaundra,Cockrem,1980-11-20,Female,Human Resources,2015-09-19,6,42717,ccockrem8@newsvine.com,713-816-4202,896-692-8624,76651 Morrow Point,Amarillo,TX,79176,United States,
10,,Lelah,Gallally,1979-03-19,Female,Sales,2015-12-15,6,145253,lgallally9@so-net.ne.jp,360-132-3647,992-876-3566,4883 Jana Center,Seattle,WA,98109,United States,
11,,Corny,Cockton,1966-05-12,Male,Training,2020-01-25,3,90608,ccocktona@posterous.com,903-979-9142,590-248-0154,0782 Mccormick Street,Tyler,TX,75799,United States,
12,,Lucy,MacDonagh,1976-10-09,Female,Engineering,2022-09-21,2,40098,lmacdonaghb@vistaprint.com,202-340-2880,575-734-7714,405 Swallow Parkway,Washington,DC,20404,United States,
13,,Giacopo,Castanares,1974-01-10,Male,Research and Development,2022-10-01,9,111913,gcastanaresc@unicef.org,717-145-5089,371-994-1115,75 Fremont Center,Lancaster,PA,17622,United States,
14,,Myer,De la Eglise,1973-08-09,Male,Product Management,2023-10-19,3,90607,mdelaeglised@tripod.com,212-655-6689,727-690-1334,69983 Cambridge Road,Jamaica,NY,11499,United States,
15,,Sarena,Goode,1975-05-23,Female,Support,2023-02-06,2,140867,sgoodee@jugem.jp,405-627-0797,764-350-5477,049 Springs Parkway,Oklahoma City,OK,73124,United States,
16,,Nevsa,Roubottom,1978-07-26,Female,Accounting,2023-05-06,6,149407,nroubottomf@plala.or.jp,713-280-0775,393-329-0839,358 Springs Avenue,Houston,TX,77240,United States,
17,,Yolande,Josebury,1976-12-05,Female,Services,2020-01-24,5,70918,yjoseburyg@clickbank.net,478-765-7089,123-475-4239,4 Monterey Point,Savannah,GA,31422,United States,
18,,Judah,Dubble,1983-04-03,Male,Human Resources,2016-10-03,8,111994,jdubbleh@hhs.gov,205-589-5411,585-472-0198,790 Carberry Center,Tuscaloosa,AL,35487,United States,
19,,Georgianna,Saltman,1978-09-28,Female,Support,2023-11-01,8,106507,gsaltmani@psu.edu,240-662-1809,137-276-2155,9 Canary Lane,Hagerstown,MD,21747,United States,
20,,Germain,Bagnell,1969-12-04,Male,Sales,2020-02-11,2,72871,gbagnellj@oaic.gov.au,405-941-0644,667-351-4693,2037 Becker Street,Oklahoma City,OK,73119,United States,
21,,Clayson,Dowdney,1971-04-25,Male,Business Development,2017-10-30,4,49100,cdowdneyk@msn.com,217-117-4481,467-178-3417,9598 Nobel Parkway,Springfield,IL,62756,United States,
22,,Mateo,Garrettson,1974-10-10,Male,Legal,2020-10-28,7,83516,mgarrettsonl@webnode.com,865-323-3131,292-564-0501,7264 Esch Way,Amarillo,TX,79165,United States,
23,,Mallory,Draayer,1992-01-16,Male,Marketing,2021-09-06,5,66892,mdraayerm@miibeian.gov.cn,305-303-3324,889-636-4184,851 2nd Pass,Clearwater,FL,34615,United States,
24,,Price,Shopcott,1978-08-21,Male,Support,2022-01-16,2,117316,pshopcottn@dailymotion.com,614-442-0710,792-809-8316,0694 Blue Bill Park Pass,Columbus,OH,43210,United States,
25,,Melamie,Phaup,1980-01-25,Female,Marketing,2019-04-15,8,89430,mphaupo@360.cn,203-325-1244,935-881-7591,6 Pepper Wood Court,Stamford,CT,6912,United States,
26,,Derby,Blake,1984-04-04,Male,Marketing,2016-08-04,7,92469,dblakep@icq.com,716-261-3832,212-384-8435,973 Merry Junction,Buffalo,NY,14205,United States,
27,,Anita,Pilipets,1993-11-28,Female,Business Development,2017-06-15,6,133476,apilipetsq@facebook.com,817-689-9955,781-459-6701,25319 Paget Street,Irving,TX,75062,United States,
28,,Davina,Riches,1988-03-30,Female,Marketing,2015-07-21,9,50424,drichesr@dyndns.org,205-413-7882,883-911-0360,0723 New Castle Court,Birmingham,AL,35236,United States,
29,,Archibaldo,Harbor,1988-09-19,Male,Legal,2017-11-12,4,117815,aharbors@adobe.com,209-931-9476,500-769-6858,5375 Barby Street,Stockton,CA,95210,United States,
30,,Freeland,Bettley,1986-11-17,Male,Marketing,2022-11-11,9,81254,fbettleyt@examiner.com,419-409-4361,401-946-9021,16309 Mallard Point,Toledo,OH,43656,United States,
31,,Katrine,McGuinness,1961-10-07,Female,Training,2019-07-02,4,76802,kmcguinnessu@youtu.be,607-401-1886,309-538-7470,044 Roth Hill,Elmira,NY,14905,United States,
32,,Willi,Sneesbie,1991-06-01,Female,Marketing,2018-12-30,3,125583,wsneesbiev@elpais.com,209-156-2564,581-373-5099,15 Coleman Point,Fresno,CA,93715,United States,
33,,Donica,Birden,1974-06-17,Female,Legal,2018-01-10,10,142067,dbirdenw@infoseek.co.jp,202-735-3001,362-714-6409,48943 Moose Center,Washington,DC,20036,United States,
34,,Cacilie,Rentilll,1982-10-13,Agender,Product Management,2020-12-14,8,50902,crentilllx@bluehost.com,205-767-3550,920-944-5754,37074 Mesta Circle,Birmingham,AL,35205,United States,
35,,Briant,Kier,1976-02-23,Male,Training,2019-05-26,6,40154,bkiery@merriam-webster.com,786-489-2186,720-855-9837,333 Katie Court,Clearwater,FL,34615,United States,
36,,Cecil,Feenan,1963-03-05,Male,Accounting,2016-05-04,7,48692,cfeenanz@ameblo.jp,512-731-6647,182-615-8312,4 Leroy Plaza,Austin,TX,78764,United States,
37,,Hoyt,Nevett,1979-01-08,Male,Accounting,2019-02-13,9,65095,hnevett10@cornell.edu,919-424-9165,238-588-3490,3961 Mallory Road,Durham,NC,27710,United States,
38,,Demetrius,Gibke,1987-07-24,Male,Business Development,2019-09-22,5,110373,dgibke11@constantcontact.com,718-642-4170,495-327-3030,95 Welch Plaza,New York City,NY,10009,United States,
39,,Robinetta,Peters,1985-12-22,Female,Training,2016-05-21,1,45792,rpeters12@edublogs.org,253-153-6589,799-604-4360,50413 Bluejay Alley,Tacoma,WA,98447,United States,
40,,Rosmunda,Lindeman,1983-07-31,Female,Services,2021-10-25,5,110509,rlindeman13@toplist.cz,513-847-3963,798-827-5062,71606 Arrowood Parkway,Cincinnati,OH,45208,United States,
41,,Lee,Hayler,1969-03-06,Male,Accounting,2017-05-21,1,41292,lhayler14@cloudflare.com,501-982-5810,219-233-4524,8565 Spaight Avenue,Little Rock,AR,72209,United States,
42,,Marnia,Valero,1983-09-12,Female,Training,2021-05-11,7,107103,mvalero15@facebook.com,786-774-0133,936-930-1252,2 Quincy Circle,Miami,FL,33147,United States,
43,,Pansie,Drayn,1985-05-10,Female,Engineering,2019-05-21,9,45636,pdrayn16@sitemeter.com,646-761-3040,610-537-9706,94476 Ilene Point,Flushing,NY,11388,United States,
44,,Bryn,Leese,1979-11-09,Male,Product Management,2017-05-08,3,47671,bleese17@yelp.com,918-739-5536,274-463-0482,2 Anzinger Road,Tulsa,OK,74116,United States,
45,,Conrade,Garment,1964-03-06,Male,Engineering,2021-07-15,9,120810,cgarment18@smugmug.com,412-964-6649,524-191-3719,152 Blaine Place,Pittsburgh,PA,15240,United States,
46,,Wendall,Pears,1966-10-11,Genderqueer,Marketing,2017-08-05,6,48521,wpears19@nydailynews.com,805-264-7902,268-891-5913,279 Colorado Avenue,Santa Barbara,CA,93106,United States,
47,,Antone,Ravenscroft,1991-03-13,Male,Accounting,2021-01-24,1,106386,aravenscroft1a@army.mil,718-509-8986,630-798-6469,2 Knutson Court,Flushing,NY,11388,United States,
48,,Sashenka,Rutherforth,1978-12-04,Female,Human Resources,2016-12-06,5,101384,srutherforth1b@w3.org,916-466-4528,444-118-5753,23397 Redwing Terrace,Sacramento,CA,95833,United States,
49,,Edmund,Hammarberg,1983-12-24,Male,Research and Development,2020-08-17,2,124419,ehammarberg1c@dagondesign.com,714-266-0400,780-285-0726,849 Del Sol Hill,Fullerton,CA,92835,United States,
50,,Tomkin,Roblin,1963-10-09,Male,Legal,2020-10-14,3,101907,troblin1d@mozilla.com,408-129-4327,433-586-4479,16 Armistice Circle,San Jose,CA,95138,United States,
