id,first_name,last_name,birthday,gender,dep_id,hiredate,manager_id,salary,email,cell_phone,home_phone,address,city,st,zip,country,note
1,Burnard,Vlasenkov,11/27/1989,Agender,Support,8/31/2023,6,126634,bvlasenkov0@zimbio.com,701-257-3517,929-216-5395,4176 Ronald Regan Way,Fargo,ND,58122,United States,
2,Kassi,Clawe,9/2/1961,Female,Training,7/15/2016,8,127925,kclawe1@ftc.gov,253-448-7051,174-611-6942,5106 Waubesa Hill,Tacoma,WA,98447,United States,
3,Ferdinand,Minifie,3/19/1989,Male,Research and Development,6/14/2023,7,66251,fminifie2@kickstarter.com,206-771-5055,895-192-3157,31575 Farwell Terrace,Seattle,WA,98175,United States,
4,Damita,Mitchener,12/23/1989,Female,Support,3/5/2020,10,105388,dmitchener3@nih.gov,757-785-3183,899-585-7198,20620 Briar Crest Drive,Virginia Beach,VA,23454,United States,
5,Janine,Gibbonson,3/1/1982,Non-binary,Accounting,12/26/2019,5,141844,jgibbonson4@techcrunch.com,202-833-6196,222-211-4818,9 Jenna Road,Washington,DC,20436,United States,
6,Karl,Randals,8/2/1963,Male,Business Development,1/11/2021,10,92933,krandals5@tiny.cc,617-596-3185,758-338-5354,91 North Lane,Boston,MA,2216,United States,
7,Perceval,Schwandermann,6/5/1985,Male,Legal,4/27/2020,8,77145,pschwandermann6@shinystat.com,919-848-4219,261-642-6978,9 Oak Valley Junction,Raleigh,NC,27635,United States,
8,Benjie,Chasemore,7/10/1970,Genderfluid,Business Development,7/6/2022,2,118779,bchasemore7@ebay.com,702-578-7803,497-956-8158,085 Oakridge Trail,Las Vegas,NV,89155,United States,
9,Therine,Bugg,8/29/1987,Female,Support,9/2/2018,3,149447,tbugg8@chronoengine.com,402-320-7499,810-788-5979,65 Butterfield Avenue,Omaha,NE,68105,United States,
10,Kissiah,Woodlands,11/17/1982,Female,Product Management,9/20/2021,4,72958,kwoodlands9@tinypic.com,814-690-9364,328-635-0719,93 Hanover Plaza,Erie,PA,16550,United States,
11,Gerladina,Gregol,9/15/1971,Female,Sales,11/6/2015,5,119428,ggregola@furl.net,949-535-3454,493-464-1911,54083 Colorado Parkway,Newport Beach,CA,92662,United States,
12,Cecile,Grattage,5/6/1989,Female,Product Management,7/23/2018,5,61145,cgrattageb@networksolutions.com,512-570-4383,142-518-4082,8473 Northview Plaza,Austin,TX,78769,United States,
13,Lothario,Dace,2/20/1975,Male,Human Resources,4/12/2018,3,88472,ldacec@rambler.ru,404-860-2126,787-324-1566,8 Hanson Terrace,Atlanta,GA,31165,United States,
14,Mabelle,Cescoti,8/24/1964,Female,Legal,11/19/2017,8,46607,mcescotid@salon.com,907-322-8742,720-886-2342,89 Loftsgordon Circle,Fairbanks,AK,99709,United States,
15,Blanch,Monelle,9/8/1971,Female,Legal,12/30/2017,5,72718,bmonellee@usatoday.com,323-218-2563,812-358-5220,1 Sutherland Avenue,Pasadena,CA,91103,United States,
16,Ned,Pontin,5/6/1988,Male,Human Resources,8/8/2018,9,67439,npontinf@istockphoto.com,214-585-4569,507-370-0556,30480 Laurel Junction,Dallas,TX,75265,United States,
17,Adara,Milesop,10/18/1993,Female,Marketing,1/7/2018,7,93514,amilesopg@shutterfly.com,212-708-1674,402-209-9953,483 Weeping Birch Center,Jamaica,NY,11407,United States,
18,Olenka,Allbrook,11/19/1988,Female,Human Resources,11/23/2020,4,84494,oallbrookh@paypal.com,415-756-6603,531-740-4786,122 Westerfield Avenue,San Rafael,CA,94913,United States,
19,Tabb,Colliard,4/11/1962,Male,Services,7/21/2016,5,113100,tcolliardi@un.org,661-127-7042,748-795-5565,2424 Warbler Pass,Burbank,CA,91505,United States,
20,Idalia,Huelin,4/26/1984,Female,Research and Development,9/22/2019,3,72519,ihuelinj@cornell.edu,404-311-3619,154-421-6015,9 Montana Avenue,Cumming,GA,30130,United States,
21,Benji,Phethean,9/25/1964,Male,Marketing,4/15/2021,10,137809,bphetheank@skype.com,303-582-2747,595-782-1433,1 Springview Center,Englewood,CO,80150,United States,
22,Jeannine,Elliot,9/20/1980,Polygender,Services,11/12/2022,7,84854,jelliotl@privacy.gov.au,202-223-1449,182-253-3451,14872 Sheridan Plaza,Washington,DC,20022,United States,
23,Ursa,Giacomello,11/5/1963,Female,Research and Development,6/10/2021,10,54614,ugiacomellom@msn.com,904-837-3131,970-438-9710,18 Rieder Park,Saint Augustine,FL,32092,United States,
24,Jamill,O'Corr,4/21/1982,Male,Human Resources,1/31/2016,10,48016,jocorrn@msn.com,512-685-8473,329-956-8964,192 Clove Drive,Round Rock,TX,78682,United States,
25,Dita,Hearn,6/8/1989,Female,Product Management,6/7/2015,3,64052,dhearno@blog.com,417-429-5588,792-557-2774,12 Bobwhite Alley,Springfield,MO,65898,United States,
26,Nelia,Rotherforth,4/19/1976,Female,Engineering,9/27/2016,2,120788,nrotherforthp@youtube.com,303-495-0542,924-117-6108,3273 Bonner Alley,Denver,CO,80291,United States,
27,Hamilton,Gilchrest,12/14/1983,Male,Product Management,7/31/2019,10,98236,hgilchrestq@prlog.org,941-641-5976,780-780-6308,766 Valley Edge Hill,Naples,FL,34102,United States,
28,Ignace,Finders,7/14/1984,Male,Legal,6/4/2018,4,128014,ifindersr@liveinternet.ru,646-228-6368,715-581-2126,0 Sutteridge Avenue,New York City,NY,10060,United States,
29,Bibbie,Bellis,9/8/1960,Female,Accounting,11/5/2023,7,67274,bbelliss@yellowpages.com,212-921-2499,501-762-6854,6 Summit Parkway,Brooklyn,NY,11254,United States,
30,Des,Gildersleeve,7/13/1979,Male,Accounting,10/10/2018,8,129399,dgildersleevet@elegantthemes.com,952-972-3828,263-985-8427,2 Elgar Way,Maple Plain,MN,55579,United States,
31,Roderich,Lembcke,5/7/1979,Male,Business Development,5/25/2018,3,131095,rlembckeu@joomla.org,651-738-7521,278-769-0480,0880 Bobwhite Alley,Saint Paul,MN,55188,United States,
32,Shermie,Deeks,4/20/1988,Male,Support,7/26/2023,6,73347,sdeeksv@yellowpages.com,540-846-4507,517-902-7928,3930 Cordelia Terrace,Roanoke,VA,24040,United States,
33,Noemi,Wrassell,8/22/1970,Female,Services,3/7/2023,4,135035,nwrassellw@vistaprint.com,312-940-1286,228-204-8137,6978 Schiller Center,Chicago,IL,60663,United States,
34,Had,Bidgood,6/8/1960,Male,Marketing,2/10/2016,6,76372,hbidgoodx@list-manage.com,702-719-5325,238-863-5567,440 Menomonie Plaza,Las Vegas,NV,89115,United States,
35,Carney,Willett,5/14/1983,Male,Engineering,11/20/2020,4,71189,cwilletty@dailymail.co.uk,716-309-7655,955-809-0905,38 Atwood Lane,Buffalo,NY,14205,United States,
36,Welby,Hamshere,2/23/1966,Male,Business Development,6/28/2016,8,132672,whamsherez@sohu.com,502-643-4941,921-625-6247,79679 Briar Crest Hill,Louisville,KY,40205,United States,
37,Marlowe,Schultz,3/23/1992,Male,Legal,11/9/2016,7,110207,mschultz10@weebly.com,305-215-7500,749-177-7879,2 Oneill Circle,Miami,FL,33190,United States,
38,Rana,Moorton,8/12/1975,Bigender,Research and Development,4/23/2017,3,70629,rmoorton11@go.com,303-731-1110,823-956-6759,1 Warrior Alley,Denver,CO,80217,United States,
39,Angelique,Boler,2/5/1961,Female,Services,8/26/2019,10,48810,aboler12@vimeo.com,614-844-6841,859-994-7222,28146 Havey Parkway,Columbus,OH,43268,United States,
40,Germain,Cheavin,8/16/1961,Male,Support,11/19/2018,8,98407,gcheavin13@zdnet.com,919-198-7047,637-979-8797,169 Fuller Lane,Durham,NC,27710,United States,
41,Guenevere,MacFarlane,6/15/1987,Female,Accounting,9/7/2015,10,129105,gmacfarlane14@amazon.co.uk,317-934-9698,752-768-0277,3619 Sunfield Trail,Indianapolis,IN,46278,United States,
42,Debbie,Coulston,6/20/1976,Female,Marketing,6/8/2018,6,139197,dcoulston15@prlog.org,512-664-9383,172-286-6697,4503 Susan Parkway,Austin,TX,78764,United States,
43,Maryanna,McCarter,1/22/1972,Female,Engineering,9/14/2015,6,48450,mmccarter16@altervista.org,205-550-8385,780-742-6352,4 Del Mar Plaza,Birmingham,AL,35263,United States,
44,Hilton,Pfertner,3/23/1962,Male,Sales,6/7/2020,7,100525,hpfertner17@ebay.com,843-833-6868,522-219-8765,03089 Hanover Lane,Florence,SC,29505,United States,
45,Dee,Perigeaux,5/9/1986,Female,Marketing,4/18/2016,3,139043,dperigeaux18@vimeo.com,910-845-2085,731-288-3404,0019 Susan Crossing,Wilmington,NC,28405,United States,
46,Christabella,Knapton,4/18/1972,Female,Support,7/17/2017,2,118512,cknapton19@lulu.com,814-528-5613,168-360-8767,93176 Elmside Court,Erie,PA,16505,United States,
47,Darsey,Motton,11/13/1989,Female,Sales,4/9/2017,9,105770,dmotton1a@indiatimes.com,517-211-6531,586-933-6635,453 Reindahl Place,Lansing,MI,48930,United States,
48,Sharla,Decroix,9/27/1974,Female,Sales,2/25/2023,1,55554,sdecroix1b@examiner.com,801-970-9943,824-653-6831,43613 Fairview Circle,Salt Lake City,UT,84170,United States,
49,Giacobo,Haddinton,3/31/1995,Male,Legal,11/7/2017,4,42706,ghaddinton1c@creativecommons.org,281-961-8893,427-787-8621,35525 Laurel Park,Houston,TX,77035,United States,
50,Des,Thomasson,8/2/1975,Male,Sales,10/13/2023,9,126477,dthomasson1d@sfgate.com,201-641-1013,481-822-9495,7650 Iowa Road,Newark,NJ,7112,United States,
