first_name,last_name,birthday,gender,dep_id,hiredate,manager_id,salary,email,cell_phone,home_phone,address,city,st,zip,country
Gilberta,Attenbarrow,9/13/1980,Female,Sales,11/2/2015,8,126531,gattenbarrow0@adobe.com,313-949-3220,375-596-5033,11 Vermont Park,Detroit,MI,48217,United States
Nealon,Bhar,5/26/1978,Male,Training,1/20/2022,9,104518,nbhar1@icq.com,225-994-7372,303-555-9553,4101 Dovetail Hill,Baton Rouge,LA,70894,United States
Sophronia,Hambers,7/5/1969,Female,Marketing,2/26/2016,7,67075,shambers2@sbwire.com,432-618-5095,956-895-1141,53129 5th Parkway,Midland,TX,79705,United States
Robby,Bess,12/20/1972,Female,Marketing,7/4/2016,3,41741,rbess3@tinyurl.com,951-361-5994,173-671-1915,750 Coolidge Court,Corona,CA,92878,United States
Morly,Ivashechkin,10/21/1960,Male,Marketing,6/24/2021,2,70231,mivashechkin4@hugedomains.com,517-688-3350,678-856-8891,11001 Blaine Drive,Lansing,MI,48919,United States
Ronna,Dunseath,12/12/1989,Female,Training,7/6/2022,6,136987,rdunseath5@free.fr,202-139-1096,631-187-7414,069 Sutherland Park,Washington,DC,20520,United States
Garrott,Doldon,10/12/1965,Male,Marketing,7/29/2015,1,47421,gdoldon6@yellowpages.com,330-984-6608,143-257-8855,6282 Tomscot Center,Akron,OH,44315,United States
Ryon,Worgan,5/26/1978,Male,Support,4/24/2019,5,117531,rworgan7@yelp.com,808-729-0853,724-487-3726,20 Waubesa Circle,Honolulu,HI,96825,United States
Ernaline,Plante,11/24/1972,Female,Training,7/25/2023,2,143568,eplante8@washingtonpost.com,210-229-1407,114-408-2494,5 Summit Trail,San Antonio,TX,78278,United States
Vergil,Simonelli,7/21/1961,Male,Engineering,4/30/2018,5,111786,vsimonelli9@rambler.ru,417-262-5077,599-447-7911,5263 Melby Center,Springfield,MO,65898,United States
Selestina,Ingerith,9/24/1979,Female,Sales,8/26/2018,3,93889,singeritha@google.fr,423-430-6424,387-417-2961,1746 Becker Street,Chattanooga,TN,37410,United States
Britte,Shoreman,10/6/1975,Female,Research and Development,4/1/2016,3,97505,bshoremanb@elegantthemes.com,704-990-8788,493-242-6866,28 Manufacturers Park,Charlotte,NC,28205,United States
Conrad,Leyre,4/5/1992,Male,Product Management,10/26/2018,7,85448,cleyrec@cafepress.com,253-107-5487,494-312-1143,0 Arrowood Crossing,Tacoma,WA,98464,United States
Thor,Sizzey,11/24/1962,Male,Human Resources,10/25/2015,7,62388,tsizzeyd@alexa.com,904-207-0991,681-153-0549,8 Birchwood Road,Jacksonville,FL,32230,United States
Guntar,Croisdall,1/21/1971,Male,Human Resources,12/29/2015,1,125192,gcroisdalle@washingtonpost.com,626-765-6125,362-267-9511,1 Caliangt Hill,Pasadena,CA,91103,United States
Traver,Shipton,8/1/1994,Male,Legal,3/12/2022,5,118115,tshiptonf@ucoz.ru,513-732-3916,224-864-2801,6333 Glacier Hill Junction,Cincinnati,OH,45999,United States
Faye,Lavielle,9/3/1964,Female,Legal,8/3/2017,5,68787,flavielleg@163.com,813-648-0085,277-258-9733,30877 Welch Trail,Tampa,FL,33686,United States
Zacharias,Marchand,8/22/1966,Male,Training,1/3/2022,6,85780,zmarchandh@comcast.net,512-648-1217,577-109-3631,175 Hanson Drive,Round Rock,TX,78682,United States
Olva,Rushby,1/18/1975,Female,Marketing,1/22/2016,6,84455,orushbyi@163.com,303-881-8900,247-129-8756,177 Schmedeman Terrace,Boulder,CO,80305,United States
Claudian,Van Der Weedenburg,8/16/1988,Male,Human Resources,8/4/2022,3,132449,cvanderweedenburgj@amazon.com,480-338-1817,906-865-5822,503 Larry Park,Chandler,AZ,85246,United States
Dolorita,Krolle,7/29/1994,Genderfluid,Product Management,7/24/2021,2,63525,dkrollek@nytimes.com,773-723-3935,954-527-6257,6738 Old Gate Parkway,Chicago,IL,60657,United States
Mateo,Leetham,7/6/1981,Male,Legal,12/23/2018,9,71031,mleethaml@exblog.jp,772-188-2245,745-240-0129,7 Lunder Drive,Port Saint Lucie,FL,34985,United States
Mariejeanne,Hayesman,11/7/1970,Female,Support,8/31/2022,9,61545,mhayesmanm@slate.com,907-447-4613,531-897-4237,3 Village Green Park,Fairbanks,AK,99709,United States
Lane,Tracy,10/15/1963,Male,Business Development,9/30/2017,3,78616,ltracyn@google.co.uk,307-654-9939,319-389-1163,7099 Tennyson Plaza,Cheyenne,WY,82007,United States
Vanya,Frift,3/2/1963,Female,Marketing,2/16/2021,10,47969,vfrifto@altervista.org,208-394-6166,922-424-8623,36 Sutherland Parkway,Boise,ID,83732,United States
Tomaso,Guerreru,10/22/1961,Polygender,Services,8/15/2019,7,61195,tguerrerup@homestead.com,515-450-6156,378-795-9966,1 Erie Drive,Des Moines,IA,50393,United States
Nerty,McDunlevy,2/12/1977,Female,Support,8/21/2021,9,123445,nmcdunlevyq@ft.com,281-424-4928,877-350-8214,6 Ridgeview Pass,Houston,TX,77075,United States
Becca,Northam,3/25/1968,Female,Services,6/12/2020,1,107586,bnorthamr@indiatimes.com,615-255-5405,701-344-6574,232 Forest Court,Nashville,TN,37205,United States
Boote,McGhee,10/15/1966,Male,Legal,8/19/2022,1,102994,bmcghees@icq.com,212-642-1331,818-699-9023,0 Mallard Place,New York City,NY,10131,United States
Fredek,Jerrome,1/14/1988,Male,Business Development,7/8/2023,10,80074,fjerromet@mlb.com,573-516-9262,827-306-8972,945 Trailsway Court,Jefferson City,MO,65110,United States
Antin,Bodsworth,8/19/1966,Male,Training,8/10/2018,8,43015,abodsworthu@virginia.edu,570-246-2977,724-775-2632,939 Macpherson Plaza,Wilkes Barre,PA,18706,United States
Rustie,Tanton,2/8/1970,Male,Legal,8/23/2020,2,104300,rtantonv@stumbleupon.com,317-143-3360,325-322-4516,7 Corben Plaza,Indianapolis,IN,46278,United States
Noach,Grocott,8/11/1991,Male,Services,5/29/2023,2,138480,ngrocottw@yale.edu,650-152-4127,197-861-3450,01 Ohio Alley,Sunnyvale,CA,94089,United States
Tallie,Ronchka,5/23/1966,Female,Product Management,8/28/2020,10,124793,tronchkax@globo.com,216-588-0217,457-540-2439,4921 School Park,Cleveland,OH,44185,United States
Mack,Wolford,2/26/1987,Male,Training,10/8/2015,3,129044,mwolfordy@google.ru,202-330-3118,839-351-5556,9308 Oak Alley,Washington,DC,20226,United States
Evelyn,Aldwich,3/7/1981,Male,Research and Development,10/30/2018,10,125835,ealdwichz@va.gov,202-564-2165,945-773-7590,9507 Westridge Avenue,Washington,DC,20530,United States
Howard,Stonestreet,8/18/1994,Male,Support,7/22/2015,6,127945,hstonestreet10@devhub.com,816-340-2136,281-185-9331,8623 Eagan Center,Independence,MO,64054,United States
Oswald,Poland,3/2/1972,Male,Research and Development,9/22/2018,10,134223,opoland11@sohu.com,513-724-1999,626-353-0776,44 Spaight Point,Cincinnati,OH,45223,United States
Annmarie,Petrashkov,10/17/1991,Female,Legal,9/8/2020,7,79510,apetrashkov12@huffingtonpost.com,914-403-8294,729-425-0351,6046 Chive Court,Yonkers,NY,10705,United States
Laurens,Mathes,7/31/1991,Male,Research and Development,12/3/2023,1,41763,lmathes13@php.net,315-158-0699,555-721-1384,7 Westport Lane,Syracuse,NY,13205,United States
Arda,Wilstead,3/12/1975,Female,Marketing,3/29/2023,7,139584,awilstead14@yolasite.com,816-112-5612,526-885-7452,0 Grover Crossing,Kansas City,MO,64130,United States
Charlean,Vevers,12/4/1993,Female,Sales,5/6/2015,8,55327,cvevers15@berkeley.edu,202-851-7018,199-212-9178,0445 3rd Road,Washington,DC,20508,United States
Duff,McRory,1/15/1977,Male,Business Development,3/19/2018,2,113575,dmcrory16@walmart.com,814-864-0051,698-384-8913,0551 Dryden Place,Erie,PA,16505,United States
Rodger,Auckland,1/7/1973,Male,Legal,4/10/2020,7,103480,rauckland17@virginia.edu,812-337-8502,490-691-7276,52917 Fremont Trail,Evansville,IN,47719,United States
Zuzana,Jeanet,5/10/1990,Female,Marketing,11/10/2020,5,77662,zjeanet18@gravatar.com,719-342-4752,499-153-3653,92 Rutledge Parkway,Colorado Springs,CO,80945,United States
Kelsey,Raywood,12/11/1964,Male,Accounting,1/1/2017,10,80056,kraywood19@amazonaws.com,916-415-7373,621-648-2268,627 Surrey Park,Sacramento,CA,95813,United States
Flem,Starmer,11/5/1978,Male,Human Resources,8/30/2018,9,89107,fstarmer1a@wordpress.org,585-988-2884,449-209-5919,0 Stang Pass,Rochester,NY,14619,United States
Torrence,Prinn,4/11/1990,Male,Engineering,3/30/2017,8,103873,tprinn1b@kickstarter.com,952-281-4802,618-587-6489,71 David Hill,Maple Plain,MN,55579,United States
Christabel,Wondraschek,2/26/1970,Female,Human Resources,11/15/2018,1,140519,cwondraschek1c@house.gov,202-638-3051,410-531-7789,50589 Leroy Point,Washington,DC,20409,United States
Caprice,Spinige,11/24/1982,Female,Human Resources,11/10/2022,4,70052,cspinige1d@ibm.com,310-907-6005,561-850-0467,5766 Straubel Trail,Santa Monica,CA,90410,United States
